Nama Jurnal	Judul Artikel	DOI	Tanggal Asesmen	Butir	Nama Butir	Status	Temuan	Saran
Indonesian Journal of Applied Linguistics	Acoustic analysis of English vowel contrast by age and gender among Mainland Chinese speakers	10.17509/hhwnng14	2026-09-04	F.1	Judul artikel	perlu perbaikan	Judul lugas dan spesifik. Belum memuat temuan, yang pada rubrik menjadi pembeda tingkat tertinggi. Temuan intinya ringkas dan bisa diangkat, yaitu ketiadaan kontras vokal yang konsisten lintas kelompok usia dan jenis kelamin.	Kalau ingin mengangkat temuan, kata seperti "lack of contrast" atau "vowel conflation" bisa masuk judul. Bentuk sekarang sudah baik, jadi ini pilihan.
Indonesian Journal of Applied Linguistics	Acoustic analysis of English vowel contrast by age and gender among Mainland Chinese speakers	10.17509/hhwnng14	2026-09-04	F.2	Abstrak	baik	Abstrak terbaik di antara enam artikel yang diperiksa. Keempat unsur ada, angkanya konkret, dan tidak ada rujukan yang terbawa. Tidak ada catatan yang perlu diangkat.	Pertahankan pola ini. Abstrak yang memuat jumlah partisipan dan jumlah token seperti ini memudahkan asesor memverifikasi klaim ke bagian metode.
Indonesian Journal of Applied Linguistics	Acoustic analysis of English vowel contrast by age and gender among Mainland Chinese speakers	10.17509/hhwnng14	2026-09-04	F.3	Kata kunci	perlu perbaikan	Isi kata kunci tepat. Yang tidak konsisten hanya penggunaan huruf kapital: "Age" dan "Chinese English" berhuruf besar sedangkan "gender" dan "monophthongs" berhuruf kecil.	Seragamkan kapitalisasi kata kunci mengikuti gaya selingkung jurnal. Ini perbaikan tata letak, bukan isi.
Indonesian Journal of Applied Linguistics	Acoustic analysis of English vowel contrast by age and gender among Mainland Chinese speakers	10.17509/hhwnng14	2026-09-04	F.4	Kepioniran ilmiah, orisinalitas, kontribusi kebaruan & analisis kesenjangan	baik	Ketiga unsur yang diminta rubrik terpenuhi kuat. Pendahuluan juga menempatkan riset pada perdebatan yang lebih besar, yaitu pergeseran dari pendekatan berorientasi kekurangan menuju deskripsi varietas. Tidak ada catatan yang perlu diangkat.	Pertahankan. Pola "kesenjangan bertingkat lalu satu kalimat tujuan yang menyebut variabel" ini layak dipakai sebagai contoh untuk penulis lain di lingkungan UPI.
Indonesian Journal of Applied Linguistics	Acoustic analysis of English vowel contrast by age and gender among Mainland Chinese speakers	10.17509/hhwnng14	2026-09-04	F.5	Analisis & sintesis	baik	Butir terkuat di antara enam artikel. Keterbatasan tidak disembunyikan: pembatasan pengambilan data akibat COVID-19 disebut di bagian metode maupun simpulan, berikut akibatnya pada ukuran dan keseimbangan sampel. Tidak ada klaim yang melampaui bukti.	Pertahankan. Satu hal yang bisa ditambahkan pada terbitan berikutnya adalah pernyataan ketersediaan data, misalnya apakah rekaman atau berkas pengukuran dapat diakses peneliti lain.
Indonesian Journal of Applied Linguistics	Acoustic analysis of English vowel contrast by age and gender among Mainland Chinese speakers	10.17509/hhwnng14	2026-09-04	F.6	Penyimpulan	perlu perbaikan	Isi simpulan kuat dan jujur. Satu hal yang menyimpang dari rubrik: paragraf terakhir ("Beyond internal linguistic factors...") memperkenalkan penjelasan sosiolinguistik baru, yaitu dugaan bahwa penggunaan bahasa Inggris sebagai lingua franca mendorong sistem fonologis yang lebih sederhana. Argumen ini tidak diuji dalam artikel dan lebih tepat berada di pembahasan. Rubrik meminta simpulan tidak memuat pembahasan baru.	Pindahkan paragraf sosiolinguistik itu ke akhir bagian pembahasan, atau pertahankan di simpulan tetapi tandai jelas sebagai dugaan yang perlu diuji, misalnya dengan menyebutnya sebagai hipotesis untuk riset lanjutan.
Indonesian Journal of Applied Linguistics	Acoustic analysis of English vowel contrast by age and gender among Mainland Chinese speakers	10.17509/hhwnng14	2026-09-04	F.7	Nisbah sumber acuan primer	perlu dicek	Jumlah rujukan memenuhi ambang minimal 15 per artikel.	Proporsi acuan primer (jurnal, prosiding, tesis, disertasi, manuskrip, monograf riset) belum dihitung otomatis karena jenis sumber tidak selalu terbaca dari teks. Periksa manual dan targetkan lebih dari 80% acuan primer.
Indonesian Journal of Applied Linguistics	Acoustic analysis of English vowel contrast by age and gender among Mainland Chinese speakers	10.17509/hhwnng14	2026-09-04	F.8	Derajat kemutakhiran pustaka acuan	perlu perbaikan	Proporsi rujukan mutakhir 72%, di bawah harapan rubrik yang mengarah ke lebih dari 80%.	Perbarui rujukan pada bagian yang membandingkan hasil dan menjustifikasi kebaruan. Pustaka klasik sebaiknya hanya untuk sumber masalah atau landasan teori.
Indonesian Journal of Applied Linguistics	Acoustic analysis of English vowel contrast by age and gender among Mainland Chinese speakers	10.17509/hhwnng14	2026-09-04	F.9	Cakupan keilmuan	di luar jangkauan	Butir ini dihitung dari persentase artikel dalam satu terbitan yang sesuai fokus dan skop jurnal, jadi berlaku pada tingkat jurnal.	Nilai butir ini dengan meninjau seluruh artikel dalam tiga tahun terakhir, bukan artikel tunggal.
Indonesian Journal of Applied Linguistics	Acoustic analysis of English vowel contrast by age and gender among Mainland Chinese speakers	10.17509/hhwnng14	2026-09-04	G.1	Kelengkapan galley / PDF artikel	perlu perbaikan	Unsur yang tidak terdeteksi: lisensi akses, pernyataan penggunaan AI, kontribusi penulis, konflik kepentingan. Rubrik menargetkan 8-9 dari 9 unsur.	Tambahkan blok Declaration di akhir artikel yang memuat lisensi akses, pernyataan penggunaan AI, kontribusi penulis, konflik kepentingan. Blok ini bisa dijadikan bagian tetap template galley jurnal.
Indonesian Journal of Applied Linguistics	Acoustic analysis of English vowel contrast by age and gender among Mainland Chinese speakers	10.17509/hhwnng14	2026-09-04	G.2	Pencantuman nama & afiliasi penulis	baik	Tidak ada masalah format yang terdeteksi pada nama dan afiliasi.	Pertahankan. Pastikan metadata yang sama juga terisi di OJS, karena asesor memeriksa keduanya.
Indonesian Journal of Applied Linguistics	Acoustic analysis of English vowel contrast by age and gender among Mainland Chinese speakers	10.17509/hhwnng14	2026-09-04	G.3	Sistematika penulisan artikel	baik	Struktur IMRaD lengkap: pendahuluan, metode, hasil, simpulan, dan daftar pustaka semuanya ada.	Pertahankan. Jaga konsistensi urutan dan penomoran heading di seluruh artikel dalam satu terbitan.
Indonesian Journal of Applied Linguistics	Acoustic analysis of English vowel contrast by age and gender among Mainland Chinese speakers	10.17509/hhwnng14	2026-09-04	G.4	Pemanfaatan instrumen pendukung	baik	Setiap tabel dan gambar bercaption juga diacu di badan teks.	Pertahankan. Pastikan penomoran berurutan sesuai kemunculan di teks.
Indonesian Journal of Applied Linguistics	Acoustic analysis of English vowel contrast by age and gender among Mainland Chinese speakers	10.17509/hhwnng14	2026-09-04	G.5	Sistem pengacuan pustaka & konsistensi daftar pustaka	perlu dicek	7 kunci dikutip di teks tetapi tidak ditemukan padanannya di daftar pustaka: education 2025, fuchs 2023, lüdecke 2021, market 2026, pillai 2025, rstudio 2022, wang’s 2023; 5 entri daftar pustaka tidak ditemukan dikutip di teks: chan 2023, feng 2024, ido 2025, sukaton 2023, waggoner 2021. Dari 41 entri, 29 mencantumkan DOI.	Cocokkan satu per satu kunci di atas. Sebagian ketidakcocokan biasanya berupa urutan penulis yang terbalik, ejaan nama berbeda, atau tahun yang tidak sama antara teks dan daftar.
Indonesian Journal of Applied Linguistics	Acoustic analysis of English vowel contrast by age and gender among Mainland Chinese speakers	10.17509/hhwnng14	2026-09-04	G.6	Gaya penulisan & kualitas kebahasaan	baik	Tidak ada masalah kebahasaan yang perlu diangkat.	Pertahankan. Konsistensi ejaan dan penanganan singkatan pada artikel ini bisa dijadikan acuan gaya selingkung jurnal.
Indonesian Journal of Applied Linguistics	Acoustic analysis of English vowel contrast by age and gender among Mainland Chinese speakers	10.17509/hhwnng14	2026-09-04	G.7	Mutu penyuntingan substansi, gaya selingkung, & format tata letak	di luar jangkauan	Butir ini menuntut inspeksi visual PDF: tabel terpotong, gambar melar atau blur, konsistensi tipografi. Ekstraktor hanya membaca lapisan teks.	Buka PDF dan periksa manual: tabel tidak terpotong antar halaman, gambar tajam dan tidak melar, serta font, ukuran, spasi baris, dan alignment konsisten antar artikel dalam satu terbitan.
Indonesian Journal of Science and Technology	Geographic Information System (GIS) Application to Identify the Distribution of Tourist Attractions and Supporting Facilities Related to the Sustainable Development Goals (SDGs)	10.17509/ijost.v11i2.89803	2026-09-04	F.1	Judul artikel	perlu perbaikan	Dua puluh satu kata, terpanjang di antara enam artikel. Dua istilah ditulis lengkap sekaligus disertai akronimnya (Geographic Information System (GIS) dan Sustainable Development Goals (SDGs)), yang menambah panjang tanpa menambah informasi. Lokasi riset, yaitu Kecamatan Lembang, tidak disebut padahal seluruh artikel bertumpu pada satu wilayah itu. Judul juga belum memuat temuan.	Pakai akronim saja untuk GIS dan SDGs, dan masukkan lokasi. Misalnya menyebut Lembang dan pola sebarannya, sehingga judul menjadi lebih pendek sekaligus lebih spesifik.
Indonesian Journal of Science and Technology	Geographic Information System (GIS) Application to Identify the Distribution of Tourist Attractions and Supporting Facilities Related to the Sustainable Development Goals (SDGs)	10.17509/ijost.v11i2.89803	2026-09-04	F.2	Abstrak	perlu perbaikan	Abstrak kuat pada bagian hasil karena angkanya konkret dan langsung dapat diverifikasi ke Tabel 1 dan 2. Simpulan tentang SDGs disebut di akhir, padahal kaitan sebaran spasial dengan SDGs tidak diukur dalam artikel, melainkan disimpulkan secara naratif.	Batasi pernyataan SDGs di abstrak pada apa yang benar-benar dianalisis, yaitu implikasi sebaran terhadap perencanaan, bukan kontribusi terhadap SDGs sebagai temuan.
Indonesian Journal of Science and Technology	Geographic Information System (GIS) Application to Identify the Distribution of Tourist Attractions and Supporting Facilities Related to the Sustainable Development Goals (SDGs)	10.17509/ijost.v11i2.89803	2026-09-04	F.3	Kata kunci	perlu perbaikan	Keempatnya mencerminkan isi. Yang belum terwakili adalah dua hal yang justru menjadi porsi besar artikel: fasilitas pendukung (hotel dan restoran) dan lokasi riset.	Tambahkan kata kunci seperti tourism supporting facilities dan Lembang agar artikel lebih mudah ditemukan oleh pencari yang mengangkat wilayah atau objek serupa.
Indonesian Journal of Science and Technology	Geographic Information System (GIS) Application to Identify the Distribution of Tourist Attractions and Supporting Facilities Related to the Sustainable Development Goals (SDGs)	10.17509/ijost.v11i2.89803	2026-09-04	F.4	Kepioniran ilmiah, orisinalitas, kontribusi kebaruan & analisis kesenjangan	perlu perbaikan	State of the art dan tujuan riset terpenuhi. Justifikasi kebaruan tidak dinyatakan. Kalimat yang mendekati kesenjangan, "This situation highlights the need for integrated tourism planning", menerangkan kebutuhan praktis di lapangan, bukan apa yang belum dikerjakan penelitian terdahulu. Bagian Literature Review memerikan banyak riset GIS tetapi tidak ditutup pernyataan tentang celah yang tersisa.	Tutup bagian Literature Review dengan satu paragraf yang menyatakan celahnya. Bahannya sudah ada: riset GIS pariwisata terdahulu banyak berhenti pada pemetaan daya tarik, sedangkan sebaran fasilitas pendukung dan keterkaitannya jarang dianalisis bersama dalam satu wilayah kecamatan.
Indonesian Journal of Science and Technology	Geographic Information System (GIS) Application to Identify the Distribution of Tourist Attractions and Supporting Facilities Related to the Sustainable Development Goals (SDGs)	10.17509/ijost.v11i2.89803	2026-09-04	F.5	Analisis & sintesis	perlu perbaikan	Analisis spasialnya berjalan konsisten dan angkanya dapat ditelusuri. Tiga hal tidak dijelaskan. Pertama, tidak disebut apakah 38 daya tarik, 32 hotel, dan 178 restoran itu populasi menyeluruh atau sampel, padahal penafsiran pola sebaran bergantung pada hal itu. Kedua, sumber data sekunder tidak disebutkan. Ketiga, klaim tentang SDGs pada bagian akhir tidak berasal dari analisis nearest neighbor, melainkan dari penalaran naratif, sehingga tidak setara dengan bukti spasial yang disajikan.	Nyatakan cakupan pendataan (sensus atau sampel) dan sebutkan sumber data sekundernya. Untuk bagian SDGs, pisahkan mana yang temuan dan mana yang penafsiran, atau tambahkan indikator yang benar-benar diukur bila kontribusi SDGs ingin dipertahankan sebagai temuan.
Indonesian Journal of Science and Technology	Geographic Information System (GIS) Application to Identify the Distribution of Tourist Attractions and Supporting Facilities Related to the Sustainable Development Goals (SDGs)	10.17509/ijost.v11i2.89803	2026-09-04	F.6	Penyimpulan	perlu perbaikan	Paragraf kedua melampaui data. Pernyataan "Tourism contributes to 14 of the 17 SDGs, particularly SDG 8, SDG 1, and SDG 5" merupakan klaim umum tentang pariwisata, bukan temuan dari analisis sebaran di Lembang, dan tidak disertai rujukan di tempat itu. Keterbatasan penelitian juga tidak dinyatakan sama sekali.	Pindahkan klaim SDGs ke pembahasan disertai rujukan, atau nyatakan tegas sebagai implikasi yang belum diuji. Tambahkan satu paragraf keterbatasan, misalnya cakupan satu kecamatan, periode pendataan lima bulan, dan ketiadaan data kunjungan wisatawan.
Indonesian Journal of Science and Technology	Geographic Information System (GIS) Application to Identify the Distribution of Tourist Attractions and Supporting Facilities Related to the Sustainable Development Goals (SDGs)	10.17509/ijost.v11i2.89803	2026-09-04	F.7	Nisbah sumber acuan primer	perlu dicek	Jumlah rujukan memenuhi ambang minimal 15 per artikel.	Proporsi acuan primer (jurnal, prosiding, tesis, disertasi, manuskrip, monograf riset) belum dihitung otomatis karena jenis sumber tidak selalu terbaca dari teks. Periksa manual dan targetkan lebih dari 80% acuan primer.
Indonesian Journal of Science and Technology	Geographic Information System (GIS) Application to Identify the Distribution of Tourist Attractions and Supporting Facilities Related to the Sustainable Development Goals (SDGs)	10.17509/ijost.v11i2.89803	2026-09-04	F.8	Derajat kemutakhiran pustaka acuan	baik	Proporsi rujukan mutakhir sudah tinggi.	Pertahankan. Pustaka klasik boleh dipakai untuk sumber masalah atau keterkaitan teori.
Indonesian Journal of Science and Technology	Geographic Information System (GIS) Application to Identify the Distribution of Tourist Attractions and Supporting Facilities Related to the Sustainable Development Goals (SDGs)	10.17509/ijost.v11i2.89803	2026-09-04	F.9	Cakupan keilmuan	di luar jangkauan	Butir ini dihitung dari persentase artikel dalam satu terbitan yang sesuai fokus dan skop jurnal, jadi berlaku pada tingkat jurnal.	Nilai butir ini dengan meninjau seluruh artikel dalam tiga tahun terakhir, bukan artikel tunggal.
Indonesian Journal of Science and Technology	Geographic Information System (GIS) Application to Identify the Distribution of Tourist Attractions and Supporting Facilities Related to the Sustainable Development Goals (SDGs)	10.17509/ijost.v11i2.89803	2026-09-04	G.1	Kelengkapan galley / PDF artikel	perlu perbaikan	Unsur yang tidak terdeteksi: lisensi akses, pernyataan penggunaan AI, kontribusi penulis, pernyataan pendanaan. Rubrik menargetkan 8-9 dari 9 unsur.	Tambahkan blok Declaration di akhir artikel yang memuat lisensi akses, pernyataan penggunaan AI, kontribusi penulis, pernyataan pendanaan. Blok ini bisa dijadikan bagian tetap template galley jurnal.
Indonesian Journal of Science and Technology	Geographic Information System (GIS) Application to Identify the Distribution of Tourist Attractions and Supporting Facilities Related to the Sustainable Development Goals (SDGs)	10.17509/ijost.v11i2.89803	2026-09-04	G.2	Pencantuman nama & afiliasi penulis	baik	Tidak ada masalah format yang terdeteksi pada nama dan afiliasi.	Pertahankan. Pastikan metadata yang sama juga terisi di OJS, karena asesor memeriksa keduanya.
Indonesian Journal of Science and Technology	Geographic Information System (GIS) Application to Identify the Distribution of Tourist Attractions and Supporting Facilities Related to the Sustainable Development Goals (SDGs)	10.17509/ijost.v11i2.89803	2026-09-04	G.3	Sistematika penulisan artikel	baik	Struktur IMRaD lengkap: pendahuluan, metode, hasil, simpulan, dan daftar pustaka semuanya ada.	Pertahankan. Jaga konsistensi urutan dan penomoran heading di seluruh artikel dalam satu terbitan.
Indonesian Journal of Science and Technology	Geographic Information System (GIS) Application to Identify the Distribution of Tourist Attractions and Supporting Facilities Related to the Sustainable Development Goals (SDGs)	10.17509/ijost.v11i2.89803	2026-09-04	G.4	Pemanfaatan instrumen pendukung	baik	Setiap tabel dan gambar bercaption juga diacu di badan teks.	Pertahankan. Pastikan penomoran berurutan sesuai kemunculan di teks.
Indonesian Journal of Science and Technology	Geographic Information System (GIS) Application to Identify the Distribution of Tourist Attractions and Supporting Facilities Related to the Sustainable Development Goals (SDGs)	10.17509/ijost.v11i2.89803	2026-09-04	G.5	Sistem pengacuan pustaka & konsistensi daftar pustaka	perlu perbaikan	Entri tidak pernah dikutip di teks: 2, 3, 4, 5, 6, 7, 17, 24, 40. Dari 56 entri, 5 mencantumkan DOI.	Rapikan agar tiap entri dikutip dan tiap kutipan menunjuk entri yang ada. Pakai aplikasi manajer referensi supaya penomoran ikut berubah saat entri disisipkan.
Indonesian Journal of Science and Technology	Geographic Information System (GIS) Application to Identify the Distribution of Tourist Attractions and Supporting Facilities Related to the Sustainable Development Goals (SDGs)	10.17509/ijost.v11i2.89803	2026-09-04	G.6	Gaya penulisan & kualitas kebahasaan	perlu perbaikan	Ada ketidakkonsistenan ejaan varian Inggris: "analysed" dan "neighbour" dipakai berdampingan dengan "analyzing" dan "neighbor" di artikel yang sama. Terdapat pula salah ketik kata ganda pada penjelasan rumus: "n is the the number of objects under examination".	Pilih satu varian ejaan, British atau American, lalu seragamkan seluruh artikel. Perbaiki kata ganda pada penjelasan Persamaan 1.
Indonesian Journal of Science and Technology	Geographic Information System (GIS) Application to Identify the Distribution of Tourist Attractions and Supporting Facilities Related to the Sustainable Development Goals (SDGs)	10.17509/ijost.v11i2.89803	2026-09-04	G.7	Mutu penyuntingan substansi, gaya selingkung, & format tata letak	di luar jangkauan	Butir ini menuntut inspeksi visual PDF: tabel terpotong, gambar melar atau blur, konsistensi tipografi. Ekstraktor hanya membaca lapisan teks.	Buka PDF dan periksa manual: tabel tidak terpotong antar halaman, gambar tajam dan tidak melar, serta font, ukuran, spasi baris, dan alignment konsisten antar artikel dalam satu terbitan.
Indonesian Journal of Teaching in Science	Principal management in improving student discipline to support science learning effectiveness at SMPN 1 Jatinangor and SMPN 12 Bandung City	10.17509/ijotis.v6i1.98372	2026-09-04	F.1	Judul artikel	perlu perbaikan	Judul menerangkan topik dan lokasi, tetapi belum memuat temuan penting. Rubrik menempatkan judul yang lugas sekaligus memuat informasi temuan pada tingkat tertinggi. Judul juga panjang (18 kata) karena mencantumkan dua nama sekolah secara utuh.	Pertimbangkan memasukkan inti temuan ke judul, misalnya menyebut bahwa manajemen POAC yang konsisten meningkatkan efektivitas pembelajaran IPA. Nama kedua sekolah bisa diringkas menjadi keterangan lokasi yang lebih pendek.
Indonesian Journal of Teaching in Science	Principal management in improving student discipline to support science learning effectiveness at SMPN 1 Jatinangor and SMPN 12 Bandung City	10.17509/ijotis.v6i1.98372	2026-09-04	F.2	Abstrak	perlu perbaikan	Hasil yang dilaporkan masih berupa pernyataan umum. Artikel ini studi kasus komparatif dua sekolah, tetapi abstrak tidak menyebut satu pun perbedaan atau persamaan antara SMPN 1 Jatinangor dan SMPN 12 Bandung. Pembaca tidak mendapat temuan spesifik dari abstrak.	Tambahkan satu sampai dua kalimat berisi temuan pembeda antar kedua sekolah, misalnya perbedaan pada fungsi actuating dan controlling, atau temuan soal ketiadaan sistem pencatatan terintegrasi. Panjang 106 kata masih menyisakan ruang.
Indonesian Journal of Teaching in Science	Principal management in improving student discipline to support science learning effectiveness at SMPN 1 Jatinangor and SMPN 12 Bandung City	10.17509/ijotis.v6i1.98372	2026-09-04	F.3	Kata kunci	perlu perbaikan	Principal Management, Student Discipline, Science Learning, dan Junior High School mencerminkan isi artikel. Educational Technology dan Science Curriculum tidak. Artikel hanya menyinggung teknologi lewat rencana sistem e-point di bagian pembahasan, dan tidak membahas kurikulum IPA sebagai variabel. Dua kata kunci ini terbaca sebagai kata kunci skop jurnal, bukan kata kunci artikel.	Ganti Educational Technology dan Science Curriculum dengan istilah yang benar-benar dibahas, misalnya POAC management, school-based management, atau comparative case study.
Indonesian Journal of Teaching in Science	Principal management in improving student discipline to support science learning effectiveness at SMPN 1 Jatinangor and SMPN 12 Bandung City	10.17509/ijotis.v6i1.98372	2026-09-04	F.4	Kepioniran ilmiah, orisinalitas, kontribusi kebaruan & analisis kesenjangan	perlu perbaikan	Dari tiga unsur utama yang diminta rubrik, dua terpenuhi kuat (state of the art dan tujuan riset) sedangkan justifikasi kebaruan atau analisis kesenjangan tidak dinyatakan. Tidak ada kalimat yang menerangkan apa yang belum dikerjakan penelitian terdahulu, atau apa yang membedakan studi ini. Paragraf terakhir pendahuluan langsung meloncat dari definisi pembinaan disiplin ke "Against this backdrop, the present study aims to...".	Sisipkan satu paragraf sebelum pernyataan tujuan yang menyatakan kesenjangan secara eksplisit. Bahan sudah tersedia di artikel: riset terdahulu membahas disiplin dan capaian akademik secara umum, tetapi belum menautkannya dengan efektivitas pembelajaran IPA yang menuntut keselamatan laboratorium dan integritas data, dan belum membandingkan dua konteks administratif berbeda (kabupaten dan kota).
Indonesian Journal of Teaching in Science	Principal management in improving student discipline to support science learning effectiveness at SMPN 1 Jatinangor and SMPN 12 Bandung City	10.17509/ijotis.v6i1.98372	2026-09-04	F.5	Analisis & sintesis	perlu perbaikan	Metode memadai dan pembandingan dengan riset lain berjalan konsisten. Titik lemahnya ada pada dasar bukti klaim utama. Artikel sendiri menyatakan korelasi antara perbaikan disiplin dan mutu pembelajaran IPA "has not been systematically quantified" dan bersandar pada laporan subjektif guru IPA, padahal klaim itulah yang dibawa ke judul, abstrak, dan simpulan.	Sajikan bukti pendukung yang sudah tersedia di lapangan, misalnya rekap buku pelanggaran sebelum dan sesudah program, atau kutipan wawancara guru IPA yang menerangkan perubahan konkret pada kegiatan praktikum. Kalau data kuantitatif memang tidak ada, turunkan kekuatan klaim di abstrak dan simpulan agar setara dengan buktinya.
Indonesian Journal of Teaching in Science	Principal management in improving student discipline to support science learning effectiveness at SMPN 1 Jatinangor and SMPN 12 Bandung City	10.17509/ijotis.v6i1.98372	2026-09-04	F.6	Penyimpulan	perlu perbaikan	Isi simpulan sesuai rubrik. Bentuknya yang jadi masalah: seluruh simpulan ditulis sebagai satu paragraf panjang dengan rantai kalimat bersambung, sehingga temuan, keterbatasan, dan rekomendasi berdesakan dan sulit dipisahkan pembaca.	Pecah menjadi dua atau tiga paragraf: temuan utama, keterbatasan, lalu implikasi dan saran lanjut. Isi tidak perlu diubah.
Indonesian Journal of Teaching in Science	Principal management in improving student discipline to support science learning effectiveness at SMPN 1 Jatinangor and SMPN 12 Bandung City	10.17509/ijotis.v6i1.98372	2026-09-04	F.7	Nisbah sumber acuan primer	perlu dicek	Jumlah rujukan memenuhi ambang minimal 15 per artikel.	Proporsi acuan primer (jurnal, prosiding, tesis, disertasi, manuskrip, monograf riset) belum dihitung otomatis karena jenis sumber tidak selalu terbaca dari teks. Periksa manual dan targetkan lebih dari 80% acuan primer.
Indonesian Journal of Teaching in Science	Principal management in improving student discipline to support science learning effectiveness at SMPN 1 Jatinangor and SMPN 12 Bandung City	10.17509/ijotis.v6i1.98372	2026-09-04	F.8	Derajat kemutakhiran pustaka acuan	baik	Proporsi rujukan mutakhir sudah tinggi.	Pertahankan. Pustaka klasik boleh dipakai untuk sumber masalah atau keterkaitan teori.
Indonesian Journal of Teaching in Science	Principal management in improving student discipline to support science learning effectiveness at SMPN 1 Jatinangor and SMPN 12 Bandung City	10.17509/ijotis.v6i1.98372	2026-09-04	F.9	Cakupan keilmuan	di luar jangkauan	Butir ini dihitung dari persentase artikel dalam satu terbitan yang sesuai fokus dan skop jurnal, jadi berlaku pada tingkat jurnal.	Nilai butir ini dengan meninjau seluruh artikel dalam tiga tahun terakhir, bukan artikel tunggal.
Indonesian Journal of Teaching in Science	Principal management in improving student discipline to support science learning effectiveness at SMPN 1 Jatinangor and SMPN 12 Bandung City	10.17509/ijotis.v6i1.98372	2026-09-04	G.1	Kelengkapan galley / PDF artikel	perlu perbaikan	Unsur yang tidak terdeteksi: pernyataan penggunaan AI, kontribusi penulis, pernyataan pendanaan, konflik kepentingan. Rubrik menargetkan 8-9 dari 9 unsur.	Tambahkan blok Declaration di akhir artikel yang memuat pernyataan penggunaan AI, kontribusi penulis, pernyataan pendanaan, konflik kepentingan. Blok ini bisa dijadikan bagian tetap template galley jurnal.
Indonesian Journal of Teaching in Science	Principal management in improving student discipline to support science learning effectiveness at SMPN 1 Jatinangor and SMPN 12 Bandung City	10.17509/ijotis.v6i1.98372	2026-09-04	G.2	Pencantuman nama & afiliasi penulis	baik	Tidak ada masalah format yang terdeteksi pada nama dan afiliasi.	Pertahankan. Pastikan metadata yang sama juga terisi di OJS, karena asesor memeriksa keduanya.
Indonesian Journal of Teaching in Science	Principal management in improving student discipline to support science learning effectiveness at SMPN 1 Jatinangor and SMPN 12 Bandung City	10.17509/ijotis.v6i1.98372	2026-09-04	G.3	Sistematika penulisan artikel	baik	Struktur IMRaD lengkap: pendahuluan, metode, hasil, simpulan, dan daftar pustaka semuanya ada.	Pertahankan. Jaga konsistensi urutan dan penomoran heading di seluruh artikel dalam satu terbitan.
Indonesian Journal of Teaching in Science	Principal management in improving student discipline to support science learning effectiveness at SMPN 1 Jatinangor and SMPN 12 Bandung City	10.17509/ijotis.v6i1.98372	2026-09-04	G.4	Pemanfaatan instrumen pendukung	baik	Setiap tabel dan gambar bercaption juga diacu di badan teks.	Pertahankan. Pastikan penomoran berurutan sesuai kemunculan di teks.
Indonesian Journal of Teaching in Science	Principal management in improving student discipline to support science learning effectiveness at SMPN 1 Jatinangor and SMPN 12 Bandung City	10.17509/ijotis.v6i1.98372	2026-09-04	G.5	Sistem pengacuan pustaka & konsistensi daftar pustaka	perlu dicek	1 kunci dikutip di teks tetapi tidak ditemukan padanannya di daftar pustaka: rosa 2026; 1 entri daftar pustaka tidak ditemukan dikutip di teks: lumban gaol 2023. Dari 27 entri, 25 mencantumkan DOI.	Cocokkan satu per satu kunci di atas. Sebagian ketidakcocokan biasanya berupa urutan penulis yang terbalik, ejaan nama berbeda, atau tahun yang tidak sama antara teks dan daftar.
Indonesian Journal of Teaching in Science	Principal management in improving student discipline to support science learning effectiveness at SMPN 1 Jatinangor and SMPN 12 Bandung City	10.17509/ijotis.v6i1.98372	2026-09-04	G.6	Gaya penulisan & kualitas kebahasaan	perlu perbaikan	Kualitas kebahasaan tidak bermasalah. Yang mengganggu keterbacaan adalah panjang kalimat: beberapa kalimat di pembahasan dan simpulan melewati 60 kata dengan banyak anak kalimat.	Pecah kalimat terpanjang di bagian 3.4, 3.6, dan simpulan menjadi dua kalimat. Tidak perlu penyuntingan bahasa menyeluruh.
Indonesian Journal of Teaching in Science	Principal management in improving student discipline to support science learning effectiveness at SMPN 1 Jatinangor and SMPN 12 Bandung City	10.17509/ijotis.v6i1.98372	2026-09-04	G.7	Mutu penyuntingan substansi, gaya selingkung, & format tata letak	di luar jangkauan	Butir ini menuntut inspeksi visual PDF: tabel terpotong, gambar melar atau blur, konsistensi tipografi. Ekstraktor hanya membaca lapisan teks.	Buka PDF dan periksa manual: tabel tidak terpotong antar halaman, gambar tajam dan tidak melar, serta font, ukuran, spasi baris, dan alignment konsisten antar artikel dalam satu terbitan.
Passage: Journal of English Language and Literature	A pragmatic analysis of impoliteness strategies in the second debate of the 2024 vice-presidential candidates	10.17509/psg.v14i1.75137	2026-09-04	F.1	Judul artikel	perlu perbaikan	Judul menerangkan objek kajian, belum memuat temuan. Rubrik menempatkan judul yang lugas sekaligus memuat informasi temuan pada tingkat tertinggi. Temuan utamanya sudah jelas dan ringkas, yaitu dominasi Bald on Record Impoliteness.	Kalau ingin mengangkat temuan ke judul, dominasi Bald on Record dan Affective Impoliteness bisa disebut. Panjang judul saat ini masih wajar, jadi ini pilihan, bukan keharusan.
Passage: Journal of English Language and Literature	A pragmatic analysis of impoliteness strategies in the second debate of the 2024 vice-presidential candidates	10.17509/psg.v14i1.75137	2026-09-04	F.2	Abstrak	perlu perbaikan	Dua masalah. Pertama, angka di abstrak tidak cocok dengan Tabel 1. Abstrak menulis Bald on Record 30% lalu "Positive Impoliteness, Negative Impoliteness, Sarcasm, and Mock Impoliteness have the same percentage: 22.5%", sehingga totalnya 120%. Tabel 1 memuat lima kategori yang berjumlah 100%: Bald on Record 30% (12), Negative 22,5% (9), Positive 22,5% (9), Sarcasm or Mock 22,5% (9), Withhold Politeness 2,5% (1), total 40 data. Abstrak memecah "Sarcasm or Mock" menjadi dua kategori dan menghilangkan Withhold Politeness. Kedua, abstrak memuat rujukan ("Drawing on the theories from Culpeper et al. (2003) and Culpeper (2005, 2011)"), padahal rubrik meminta abstrak tanpa rujukan.	Samakan angka abstrak dengan Tabel 1: sebut lima kategori, atau cukup sebut yang dominan dan yang terendah tanpa merinci semuanya. Pindahkan penyebutan teori Culpeper dari abstrak ke pendahuluan atau metode. Ketidakcocokan angka antara abstrak dan tabel adalah temuan yang mudah diperiksa asesor.
Passage: Journal of English Language and Literature	A pragmatic analysis of impoliteness strategies in the second debate of the 2024 vice-presidential candidates	10.17509/psg.v14i1.75137	2026-09-04	F.3	Kata kunci	perlu perbaikan	Kata kunci mencerminkan isi artikel. Satu ketidaktepatan kecil: objek kajiannya debat calon wakil presiden, sedangkan kata kuncinya "presidential debate".	Ganti "presidential debate" menjadi "vice-presidential debate" agar sesuai objek, dan pertimbangkan menambahkan "Culpeper" atau "face attack" sebagai penanda kerangka teori.
Passage: Journal of English Language and Literature	A pragmatic analysis of impoliteness strategies in the second debate of the 2024 vice-presidential candidates	10.17509/psg.v14i1.75137	2026-09-04	F.4	Kepioniran ilmiah, orisinalitas, kontribusi kebaruan & analisis kesenjangan	perlu perbaikan	Ketiga unsur yang diminta rubrik terpenuhi: state of the art, justifikasi kesenjangan, dan tujuan riset. Ini butir terkuat pada artikel ini. Yang bisa diperkuat: kesenjangan dinyatakan pada tataran topik (respons belum diteliti), belum pada tataran konteks, padahal debat politik Indonesia sendiri merupakan konteks yang membedakannya dari kajian terdahulu yang mengambil film dan restoran.	Tambahkan satu kalimat yang menyatakan kebaruan konteks, yaitu debat elektoral Indonesia sebagai ranah yang berbeda dari korpus fiksi dan layanan pelanggan pada riset terdahulu.
Passage: Journal of English Language and Literature	A pragmatic analysis of impoliteness strategies in the second debate of the 2024 vice-presidential candidates	10.17509/psg.v14i1.75137	2026-09-04	F.5	Analisis & sintesis	perlu perbaikan	Klasifikasi berjalan konsisten dan tabelnya berjumlah 100%. Yang kurang: prosedur pemilihan 40 ujaran dari keseluruhan durasi debat tidak dijelaskan, sehingga pembaca tidak tahu apakah itu seluruh ujaran tidak santun yang ada atau hasil penyaringan. Keabsahan analisis juga tidak dibahas, misalnya apakah pengodean diperiksa ulang oleh orang kedua. Untuk kajian pragmatik dengan pengodean kategori, kesepakatan antarpengode lazim dilaporkan. Pembahasan lebih banyak memerikan temuan per kategori daripada membandingkannya secara kritis dengan tiga riset terdahulu yang sudah dikutip di pendahuluan.	Tambahkan di metode: durasi debat yang ditranskripsi, kriteria sebuah ujaran dimasukkan sebagai data, dan cara memastikan keandalan pengodean. Di pembahasan, hubungkan temuan dominasi Affective Impoliteness dengan Anshari et al. (2023) dan Rahman & Johan (2023) yang menemukan pola serupa pada konteks berbeda, lalu terangkan apa artinya kesamaan itu.
Passage: Journal of English Language and Literature	A pragmatic analysis of impoliteness strategies in the second debate of the 2024 vice-presidential candidates	10.17509/psg.v14i1.75137	2026-09-04	F.6	Penyimpulan	perlu perbaikan	Paragraf penutup melampaui data. Artikel menganalisis satu video debat, tetapi simpulannya menyatakan "citizens tend to look at each candidate's performance in a debate; the one who used impoliteness strategies seems to be hated by citizens, and netizens mostly feel sympathetic to the loser in the debate stage". Reaksi warga dan warganet tidak pernah diteliti dalam artikel ini. Kalimat penutup "Moreover, hope this research will be helpful as a reference for other researchers" juga bukan ragam akademik.	Hapus atau turunkan klaim tentang reaksi warga dan warganet menjadi saran penelitian lanjutan yang jelas ditandai sebagai dugaan. Ganti kalimat penutup dengan implikasi yang bertumpu pada temuan, misalnya bagi kajian wacana politik atau bagi penelitian respons ketidaksantunan.
Passage: Journal of English Language and Literature	A pragmatic analysis of impoliteness strategies in the second debate of the 2024 vice-presidential candidates	10.17509/psg.v14i1.75137	2026-09-04	F.7	Nisbah sumber acuan primer	perlu dicek	Jumlah rujukan memenuhi ambang minimal 15 per artikel.	Proporsi acuan primer (jurnal, prosiding, tesis, disertasi, manuskrip, monograf riset) belum dihitung otomatis karena jenis sumber tidak selalu terbaca dari teks. Periksa manual dan targetkan lebih dari 80% acuan primer.
Passage: Journal of English Language and Literature	A pragmatic analysis of impoliteness strategies in the second debate of the 2024 vice-presidential candidates	10.17509/psg.v14i1.75137	2026-09-04	F.8	Derajat kemutakhiran pustaka acuan	perlu perbaikan	Hanya 30% rujukan terbit dalam 10 tahun terakhir. Rubrik menempatkan proporsi di bawah 40% pada tingkat terendah.	Tambahkan rujukan mutakhir, terutama untuk pembandingan hasil dan justifikasi kebaruan. Kalau bidangnya memang bertumpu pada karya klasik, jelaskan alasannya di naskah.
Passage: Journal of English Language and Literature	A pragmatic analysis of impoliteness strategies in the second debate of the 2024 vice-presidential candidates	10.17509/psg.v14i1.75137	2026-09-04	F.9	Cakupan keilmuan	di luar jangkauan	Butir ini dihitung dari persentase artikel dalam satu terbitan yang sesuai fokus dan skop jurnal, jadi berlaku pada tingkat jurnal.	Nilai butir ini dengan meninjau seluruh artikel dalam tiga tahun terakhir, bukan artikel tunggal.
Passage: Journal of English Language and Literature	A pragmatic analysis of impoliteness strategies in the second debate of the 2024 vice-presidential candidates	10.17509/psg.v14i1.75137	2026-09-04	G.1	Kelengkapan galley / PDF artikel	perlu perbaikan	Unsur yang tidak terdeteksi: pernyataan penggunaan AI, kontribusi penulis, pernyataan pendanaan, konflik kepentingan. Rubrik menargetkan 8-9 dari 9 unsur.	Tambahkan blok Declaration di akhir artikel yang memuat pernyataan penggunaan AI, kontribusi penulis, pernyataan pendanaan, konflik kepentingan. Blok ini bisa dijadikan bagian tetap template galley jurnal.
Passage: Journal of English Language and Literature	A pragmatic analysis of impoliteness strategies in the second debate of the 2024 vice-presidential candidates	10.17509/psg.v14i1.75137	2026-09-04	G.2	Pencantuman nama & afiliasi penulis	perlu perbaikan	Nama satu kata: literature.	Rubrik meminta metadata nama minimal dua kata, tanpa gelar, dan afiliasi utuh berisi institusi, kota, dan negara. Perbaiki juga metadata di OJS, bukan hanya di PDF.
Passage: Journal of English Language and Literature	A pragmatic analysis of impoliteness strategies in the second debate of the 2024 vice-presidential candidates	10.17509/psg.v14i1.75137	2026-09-04	G.3	Sistematika penulisan artikel	baik	Struktur IMRaD lengkap: pendahuluan, metode, hasil, simpulan, dan daftar pustaka semuanya ada.	Pertahankan. Jaga konsistensi urutan dan penomoran heading di seluruh artikel dalam satu terbitan.
Passage: Journal of English Language and Literature	A pragmatic analysis of impoliteness strategies in the second debate of the 2024 vice-presidential candidates	10.17509/psg.v14i1.75137	2026-09-04	G.4	Pemanfaatan instrumen pendukung	baik	Setiap tabel dan gambar bercaption juga diacu di badan teks.	Pertahankan. Pastikan penomoran berurutan sesuai kemunculan di teks.
Passage: Journal of English Language and Literature	A pragmatic analysis of impoliteness strategies in the second debate of the 2024 vice-presidential candidates	10.17509/psg.v14i1.75137	2026-09-04	G.5	Sistem pengacuan pustaka & konsistensi daftar pustaka	perlu dicek	8 kunci dikutip di teks tetapi tidak ditemukan padanannya di daftar pustaka: abbas 2021, culpeper’s 2005, culpeper’s 2011, johan 2023, levinson 1987, locher 2008, mirhosseini 2017, sukabumi 2024; 3 entri daftar pustaka tidak ditemukan dikutip di teks: brown 1987, dowlatabadi 2017, strachle 2026. Dari 21 entri, 11 mencantumkan DOI.	Cocokkan satu per satu kunci di atas. Sebagian ketidakcocokan biasanya berupa urutan penulis yang terbalik, ejaan nama berbeda, atau tahun yang tidak sama antara teks dan daftar.
Passage: Journal of English Language and Literature	A pragmatic analysis of impoliteness strategies in the second debate of the 2024 vice-presidential candidates	10.17509/psg.v14i1.75137	2026-09-04	G.6	Gaya penulisan & kualitas kebahasaan	perlu perbaikan	Ada beberapa penyimpangan ragam tulis akademik. Bentuk singkat "It's the second debate for vice-presidential candidates" dipakai di badan artikel. Konstruksi "Three aims of this study; they are:" tidak gramatikal, dan titik koma dipakai keliru. "The candidates used to defend their face from the attack" memakai "used to" yang bermakna kebiasaan lampau, padahal maksudnya bukan itu. Kalimat penutup tanpa subjek: "Moreover, hope this research will be helpful".	Lakukan penyuntingan bahasa terarah pada bagian pendahuluan akhir, metode, dan simpulan. Hindari bentuk singkat, perbaiki keempat kalimat di atas, dan pastikan setiap kalimat bersubjek.
Passage: Journal of English Language and Literature	A pragmatic analysis of impoliteness strategies in the second debate of the 2024 vice-presidential candidates	10.17509/psg.v14i1.75137	2026-09-04	G.7	Mutu penyuntingan substansi, gaya selingkung, & format tata letak	di luar jangkauan	Butir ini menuntut inspeksi visual PDF: tabel terpotong, gambar melar atau blur, konsistensi tipografi. Ekstraktor hanya membaca lapisan teks.	Buka PDF dan periksa manual: tabel tidak terpotong antar halaman, gambar tajam dan tidak melar, serta font, ukuran, spasi baris, dan alignment konsisten antar artikel dalam satu terbitan.
Wahana Fisika	Teak Wood (Tectona grandis) Sawdust-Derived Activated Carbon: Optimizing Chemical Activation for Physicochemical Properties and Its Potential Relevance to Medical Textile Applications	10.17509/wafi.v10i2.91992	2026-09-04	F.1	Judul artikel	perlu perbaikan	Judul informatif dan tidak berlebihan menjanjikan, karena memakai "Potential Relevance" yang sepadan dengan bukti dalam artikel. Panjangnya 21 kata. Temuan intinya, yaitu keunggulan H3PO4, belum masuk judul.	Kalau ingin lebih ringkas sekaligus memuat temuan, agen aktivasi terbaik bisa disebut langsung di judul. Bentuk sekarang sudah memadai.
Wahana Fisika	Teak Wood (Tectona grandis) Sawdust-Derived Activated Carbon: Optimizing Chemical Activation for Physicochemical Properties and Its Potential Relevance to Medical Textile Applications	10.17509/wafi.v10i2.91992	2026-09-04	F.2	Abstrak	baik	Salah satu abstrak terbaik pada berkas ini. Klaimnya proporsional terhadap bukti dan keterbatasannya diakui di abstrak itu sendiri. Tidak ada catatan yang perlu diangkat.	Pertahankan. Menutup abstrak dengan tindak lanjut yang jujur seperti ini justru menguatkan, bukan melemahkan, karena asesor membandingkan kekuatan klaim dengan buktinya.
Wahana Fisika	Teak Wood (Tectona grandis) Sawdust-Derived Activated Carbon: Optimizing Chemical Activation for Physicochemical Properties and Its Potential Relevance to Medical Textile Applications	10.17509/wafi.v10i2.91992	2026-09-04	F.3	Kata kunci	baik	Kata kunci paling tepat sasaran di antara enam artikel. Seluruhnya merupakan istilah yang benar-benar dianalisis, mencakup bahan, proses, parameter ukur, dan penerapan. Tidak ada kata kunci yang ditempel dari skop jurnal.	Pertahankan pola ini. Menyertakan parameter ukur seperti iodine number membantu artikel ditemukan peneliti yang mencari metode serupa.
Wahana Fisika	Teak Wood (Tectona grandis) Sawdust-Derived Activated Carbon: Optimizing Chemical Activation for Physicochemical Properties and Its Potential Relevance to Medical Textile Applications	10.17509/wafi.v10i2.91992	2026-09-04	F.4	Kepioniran ilmiah, orisinalitas, kontribusi kebaruan & analisis kesenjangan	baik	Ketiga unsur yang diminta rubrik terpenuhi, dan kesenjangannya dibangun rapi: tiga riset yang dikutip masing-masing hanya menguji satu agen, sehingga ketiadaan pembandingan pada kondisi sintesis yang sama menjadi celah yang logis. Ini contoh perumusan kesenjangan yang paling jelas di antara enam artikel.	Pertahankan. Pola "kutip riset per variabel, lalu tunjukkan bahwa belum ada yang membandingkannya pada kondisi setara" layak dijadikan contoh untuk penulis lain.
Wahana Fisika	Teak Wood (Tectona grandis) Sawdust-Derived Activated Carbon: Optimizing Chemical Activation for Physicochemical Properties and Its Potential Relevance to Medical Textile Applications	10.17509/wafi.v10i2.91992	2026-09-04	F.5	Analisis & sintesis	perlu perbaikan	Protokol cukup rinci untuk direplikasi. Dua hal melemahkan dasar bukti. Pertama, komposisi unsur pada Tabel 1 dirujuk ke sumber lain [17], bukan hasil pengukuran sampel yang dipakai, padahal komposisi prekursor menentukan hasil aktivasi. Kedua, tidak disebut apakah pengukuran diulang atau berapa kali, sehingga pembaca tidak tahu apakah selisih bilangan iodin antar agen berada di luar rentang kesalahan pengukuran. Untuk artikel yang klaim utamanya adalah pembandingan tiga perlakuan, informasi pengulangan itu penting.	Tambahkan jumlah pengulangan tiap perlakuan dan sebutkan simpangannya, walaupun hanya rentang. Kalau komposisi unsur pada Tabel 1 memang dikutip dari pustaka, nyatakan itu di badan tabel agar tidak terbaca sebagai hasil pengukuran sendiri.
Wahana Fisika	Teak Wood (Tectona grandis) Sawdust-Derived Activated Carbon: Optimizing Chemical Activation for Physicochemical Properties and Its Potential Relevance to Medical Textile Applications	10.17509/wafi.v10i2.91992	2026-09-04	F.6	Penyimpulan	baik	Menjawab tujuan, tidak memuat pembahasan baru, dan kekuatan klaimnya sepadan dengan bukti. Penerapan pada tekstil medis konsisten disebut sebagai potensi, bukan sebagai temuan. Tidak ada catatan yang perlu diangkat.	Pertahankan. Kalau ingin lebih lengkap, satu kalimat keterbatasan bisa ditambahkan, misalnya bahwa pengujian baru pada tingkat sifat fisikokimia dan belum menyentuh uji biologis.
Wahana Fisika	Teak Wood (Tectona grandis) Sawdust-Derived Activated Carbon: Optimizing Chemical Activation for Physicochemical Properties and Its Potential Relevance to Medical Textile Applications	10.17509/wafi.v10i2.91992	2026-09-04	F.7	Nisbah sumber acuan primer	perlu dicek	Jumlah rujukan memenuhi ambang minimal 15 per artikel.	Proporsi acuan primer (jurnal, prosiding, tesis, disertasi, manuskrip, monograf riset) belum dihitung otomatis karena jenis sumber tidak selalu terbaca dari teks. Periksa manual dan targetkan lebih dari 80% acuan primer.
Wahana Fisika	Teak Wood (Tectona grandis) Sawdust-Derived Activated Carbon: Optimizing Chemical Activation for Physicochemical Properties and Its Potential Relevance to Medical Textile Applications	10.17509/wafi.v10i2.91992	2026-09-04	F.8	Derajat kemutakhiran pustaka acuan	baik	Proporsi rujukan mutakhir sudah tinggi.	Pertahankan. Pustaka klasik boleh dipakai untuk sumber masalah atau keterkaitan teori.
Wahana Fisika	Teak Wood (Tectona grandis) Sawdust-Derived Activated Carbon: Optimizing Chemical Activation for Physicochemical Properties and Its Potential Relevance to Medical Textile Applications	10.17509/wafi.v10i2.91992	2026-09-04	F.9	Cakupan keilmuan	di luar jangkauan	Butir ini dihitung dari persentase artikel dalam satu terbitan yang sesuai fokus dan skop jurnal, jadi berlaku pada tingkat jurnal.	Nilai butir ini dengan meninjau seluruh artikel dalam tiga tahun terakhir, bukan artikel tunggal.
Wahana Fisika	Teak Wood (Tectona grandis) Sawdust-Derived Activated Carbon: Optimizing Chemical Activation for Physicochemical Properties and Its Potential Relevance to Medical Textile Applications	10.17509/wafi.v10i2.91992	2026-09-04	G.1	Kelengkapan galley / PDF artikel	perlu perbaikan	Unsur yang tidak terdeteksi: pernyataan penggunaan AI, kontribusi penulis, pernyataan pendanaan, konflik kepentingan. Rubrik menargetkan 8-9 dari 9 unsur.	Tambahkan blok Declaration di akhir artikel yang memuat pernyataan penggunaan AI, kontribusi penulis, pernyataan pendanaan, konflik kepentingan. Blok ini bisa dijadikan bagian tetap template galley jurnal.
Wahana Fisika	Teak Wood (Tectona grandis) Sawdust-Derived Activated Carbon: Optimizing Chemical Activation for Physicochemical Properties and Its Potential Relevance to Medical Textile Applications	10.17509/wafi.v10i2.91992	2026-09-04	G.2	Pencantuman nama & afiliasi penulis	perlu perbaikan	Afiliasi tidak memuat nama negara.	Rubrik meminta metadata nama minimal dua kata, tanpa gelar, dan afiliasi utuh berisi institusi, kota, dan negara. Perbaiki juga metadata di OJS, bukan hanya di PDF.
Wahana Fisika	Teak Wood (Tectona grandis) Sawdust-Derived Activated Carbon: Optimizing Chemical Activation for Physicochemical Properties and Its Potential Relevance to Medical Textile Applications	10.17509/wafi.v10i2.91992	2026-09-04	G.3	Sistematika penulisan artikel	baik	Struktur IMRaD lengkap: pendahuluan, metode, hasil, simpulan, dan daftar pustaka semuanya ada.	Pertahankan. Jaga konsistensi urutan dan penomoran heading di seluruh artikel dalam satu terbitan.
Wahana Fisika	Teak Wood (Tectona grandis) Sawdust-Derived Activated Carbon: Optimizing Chemical Activation for Physicochemical Properties and Its Potential Relevance to Medical Textile Applications	10.17509/wafi.v10i2.91992	2026-09-04	G.4	Pemanfaatan instrumen pendukung	baik	Setiap tabel dan gambar bercaption juga diacu di badan teks.	Pertahankan. Pastikan penomoran berurutan sesuai kemunculan di teks.
Wahana Fisika	Teak Wood (Tectona grandis) Sawdust-Derived Activated Carbon: Optimizing Chemical Activation for Physicochemical Properties and Its Potential Relevance to Medical Textile Applications	10.17509/wafi.v10i2.91992	2026-09-04	G.5	Sistem pengacuan pustaka & konsistensi daftar pustaka	baik	Semua entri daftar pustaka dikutip dan tidak ada nomor di luar rentang. Dari 40 entri, 2 mencantumkan DOI.	Pertahankan. Pakai manajer referensi agar penomoran tetap konsisten saat naskah direvisi.
Wahana Fisika	Teak Wood (Tectona grandis) Sawdust-Derived Activated Carbon: Optimizing Chemical Activation for Physicochemical Properties and Its Potential Relevance to Medical Textile Applications	10.17509/wafi.v10i2.91992	2026-09-04	G.6	Gaya penulisan & kualitas kebahasaan	perlu perbaikan	Ada kesalahan gramatika berulang pada konstruksi to + kata kerja: "to produced AC" dan "to reduced its water content", yang seharusnya memakai bentuk dasar. Yang lebih menonjol, daftar pustaka berbahasa Inggris memakai singkatan Indonesia "dkk." alih-alih "et al.", misalnya pada entri [19] Lobato-Peralta, D. R, dkk. (2025), [20] Iwanow, M, dkk. (2020), dan [21] Sujiono, E. H, dkk. (2022). Terdapat pula salah ketik pada judul rujukan [20], "Precursores", yang seharusnya "Precursors".	Perbaiki bentuk kata kerja setelah to. Ganti seluruh "dkk." menjadi "et al." pada daftar pustaka artikel berbahasa Inggris, dan periksa ulang salah ketik pada judul rujukan. Pencampuran singkatan dua bahasa dalam satu daftar pustaka termasuk hal yang mudah terlihat asesor.
Wahana Fisika	Teak Wood (Tectona grandis) Sawdust-Derived Activated Carbon: Optimizing Chemical Activation for Physicochemical Properties and Its Potential Relevance to Medical Textile Applications	10.17509/wafi.v10i2.91992	2026-09-04	G.7	Mutu penyuntingan substansi, gaya selingkung, & format tata letak	di luar jangkauan	Butir ini menuntut inspeksi visual PDF: tabel terpotong, gambar melar atau blur, konsistensi tipografi. Ekstraktor hanya membaca lapisan teks.	Buka PDF dan periksa manual: tabel tidak terpotong antar halaman, gambar tajam dan tidak melar, serta font, ukuran, spasi baris, dan alignment konsisten antar artikel dalam satu terbitan.
Curricula: Journal of Curriculum Development	The impact of competency-based education on cognitive improvement and clinical skills in midwifery students	10.17509/curricula.v5i3.742	2026-09-04	F.1	Judul artikel	perlu perbaikan	Judul lugas dan seimbang panjangnya. Satu hal yang bisa dipersoalkan: kata "impact" mengesankan hubungan sebab-akibat, padahal artikel ini tinjauan pustaka atas 13 studi, bukan penelitian intervensi. Judul juga tidak menandai bahwa ini artikel review, padahal jenis artikel biasanya disebutkan pada judul tinjauan.	Pertimbangkan menambahkan penanda jenis artikel, misalnya "a literature review", dan mengganti "impact" dengan kata yang lebih sepadan dengan desain, misalnya "contribution" atau "outcomes".
Curricula: Journal of Curriculum Development	The impact of competency-based education on cognitive improvement and clinical skills in midwifery students	10.17509/curricula.v5i3.742	2026-09-04	F.2	Abstrak	perlu perbaikan	Struktur abstrak lengkap. Ada satu ketidakcocokan dengan bagian metode: abstrak menyebut empat basis data ("PubMed, Google Scholar, Scopus, and ScienceDirect"), sedangkan bagian Methods menyebut "three databases: Google Scholar, PubMed, and ScienceDirect" tanpa Scopus. Selisih ini mudah diperiksa asesor karena keduanya ada dalam satu artikel.	Samakan daftar basis data di abstrak dengan yang benar-benar dipakai di metode. Kalau Scopus memang ditelusuri, masukkan ke bagian Methods berikut hasil penelusurannya pada diagram PRISMA.
Curricula: Journal of Curriculum Development	The impact of competency-based education on cognitive improvement and clinical skills in midwifery students	10.17509/curricula.v5i3.742	2026-09-04	F.3	Kata kunci	perlu perbaikan	Kata kunci mencerminkan variabel dan populasi yang dibahas. Belum ada kata kunci yang menandai jenis artikel, padahal artikel ini tinjauan pustaka dengan protokol PRISMA.	Tambahkan literature review atau PRISMA sebagai kata kunci agar artikel ditemukan oleh pencari yang khusus mencari sintesis pustaka.
Curricula: Journal of Curriculum Development	The impact of competency-based education on cognitive improvement and clinical skills in midwifery students	10.17509/curricula.v5i3.742	2026-09-04	F.4	Kepioniran ilmiah, orisinalitas, kontribusi kebaruan & analisis kesenjangan	baik	Ketiga unsur terpenuhi. Kesenjangannya spesifik karena menunjuk keterbatasan tinjauan terdahulu yang memisahkan dua ranah luaran, lalu menempatkan artikel ini sebagai penyatunya.	Pertahankan. Kalau memungkinkan, sebutkan berapa banyak tinjauan terdahulu yang ditelusuri untuk sampai pada simpulan bahwa keduanya belum pernah disatukan, agar klaim kesenjangan itu sendiri berbukti.
Curricula: Journal of Curriculum Development	The impact of competency-based education on cognitive improvement and clinical skills in midwifery students	10.17509/curricula.v5i3.742	2026-09-04	F.5	Analisis & sintesis	perlu perbaikan	Untuk artikel tinjauan, penyebutan string Boolean dan diagram PRISMA sudah tepat dan membuat penelusuran dapat diulang. Tiga hal masih kurang. Pertama, ketidakcocokan jumlah basis data antara abstrak dan metode seperti disebut pada F.2. Kedua, kriteria inklusi menyebut "last five years" sedangkan rentang terbitan yang dilaporkan 2021 sampai 2026, yang lebih dari lima tahun. Ketiga, tidak disebut siapa yang menyaring dan apakah penyaringan dilakukan lebih dari satu orang, padahal pada tinjauan sistematis hal itu lazim dilaporkan sebagai penjaga keandalan seleksi. Penilaian mutu studi terpilih juga tidak dibahas, sehingga 13 studi diperlakukan setara tanpa keterangan kekuatan buktinya.	Selaraskan jumlah basis data dan rentang tahun antara abstrak, metode, dan diagram PRISMA. Tambahkan keterangan jumlah penyaring dan cara menyelesaikan perbedaan penilaian. Tambahkan penilaian mutu studi terpilih, misalnya dengan instrumen yang lazim di bidang kesehatan, agar simpulan tidak bertumpu pada studi yang mutunya tidak dibedakan.
Curricula: Journal of Curriculum Development	The impact of competency-based education on cognitive improvement and clinical skills in midwifery students	10.17509/curricula.v5i3.742	2026-09-04	F.6	Penyimpulan	perlu perbaikan	Isi simpulan sejalan dengan temuan dan tidak memuat pembahasan baru. Yang tidak ada adalah keterbatasan. Untuk tinjauan pustaka berbasis 13 studi, keterbatasan seperti jumlah studi yang sedikit, keragaman desain, dan ketiadaan penilaian mutu semestinya dinyatakan, karena hal itu membatasi seberapa jauh simpulan dapat digeneralisasi. Kata "significantly" dipakai untuk sintesis naratif yang tidak melakukan uji statistik.	Tambahkan paragraf keterbatasan. Ganti "significantly enhances" dengan kata yang sepadan dengan desain tinjauan naratif, misalnya "consistently reported to enhance", kecuali memang ada meta-analisis yang mendasarinya.
Curricula: Journal of Curriculum Development	The impact of competency-based education on cognitive improvement and clinical skills in midwifery students	10.17509/curricula.v5i3.742	2026-09-04	F.7	Nisbah sumber acuan primer	perlu dicek	Jumlah rujukan memenuhi ambang minimal 15 per artikel.	Proporsi acuan primer (jurnal, prosiding, tesis, disertasi, manuskrip, monograf riset) belum dihitung otomatis karena jenis sumber tidak selalu terbaca dari teks. Periksa manual dan targetkan lebih dari 80% acuan primer.
Curricula: Journal of Curriculum Development	The impact of competency-based education on cognitive improvement and clinical skills in midwifery students	10.17509/curricula.v5i3.742	2026-09-04	F.8	Derajat kemutakhiran pustaka acuan	baik	Proporsi rujukan mutakhir sudah tinggi.	Pertahankan. Pustaka klasik boleh dipakai untuk sumber masalah atau keterkaitan teori.
Curricula: Journal of Curriculum Development	The impact of competency-based education on cognitive improvement and clinical skills in midwifery students	10.17509/curricula.v5i3.742	2026-09-04	F.9	Cakupan keilmuan	di luar jangkauan	Butir ini dihitung dari persentase artikel dalam satu terbitan yang sesuai fokus dan skop jurnal, jadi berlaku pada tingkat jurnal.	Nilai butir ini dengan meninjau seluruh artikel dalam tiga tahun terakhir, bukan artikel tunggal.
Curricula: Journal of Curriculum Development	The impact of competency-based education on cognitive improvement and clinical skills in midwifery students	10.17509/curricula.v5i3.742	2026-09-04	G.1	Kelengkapan galley / PDF artikel	perlu perbaikan	Unsur yang tidak terdeteksi: pernyataan penggunaan AI, kontribusi penulis. Rubrik menargetkan 8-9 dari 9 unsur.	Tambahkan blok Declaration di akhir artikel yang memuat pernyataan penggunaan AI, kontribusi penulis. Blok ini bisa dijadikan bagian tetap template galley jurnal.
Curricula: Journal of Curriculum Development	The impact of competency-based education on cognitive improvement and clinical skills in midwifery students	10.17509/curricula.v5i3.742	2026-09-04	G.2	Pencantuman nama & afiliasi penulis	baik	Tidak ada masalah format yang terdeteksi pada nama dan afiliasi.	Pertahankan. Pastikan metadata yang sama juga terisi di OJS, karena asesor memeriksa keduanya.
Curricula: Journal of Curriculum Development	The impact of competency-based education on cognitive improvement and clinical skills in midwifery students	10.17509/curricula.v5i3.742	2026-09-04	G.3	Sistematika penulisan artikel	baik	Struktur IMRaD lengkap: pendahuluan, metode, hasil, simpulan, dan daftar pustaka semuanya ada.	Pertahankan. Jaga konsistensi urutan dan penomoran heading di seluruh artikel dalam satu terbitan.
Curricula: Journal of Curriculum Development	The impact of competency-based education on cognitive improvement and clinical skills in midwifery students	10.17509/curricula.v5i3.742	2026-09-04	G.4	Pemanfaatan instrumen pendukung	baik	Setiap tabel dan gambar bercaption juga diacu di badan teks.	Pertahankan. Pastikan penomoran berurutan sesuai kemunculan di teks.
Curricula: Journal of Curriculum Development	The impact of competency-based education on cognitive improvement and clinical skills in midwifery students	10.17509/curricula.v5i3.742	2026-09-04	G.5	Sistem pengacuan pustaka & konsistensi daftar pustaka	perlu dicek	6 kunci dikutip di teks tetapi tidak ditemukan padanannya di daftar pustaka: alemu 2023, chakraborty 2023, imanipour 2021, nagai 2024, nove 2021, ramanathan 2022; 9 entri daftar pustaka tidak ditemukan dikutip di teks: ghodsi astan 2022, homer 2021, imanipour 2022, pangerl 2026, rima 2023, rima jolivet 2023, sridhar 2022, tamura 2024. Dari 41 entri, 2 mencantumkan DOI.	Cocokkan satu per satu kunci di atas. Sebagian ketidakcocokan biasanya berupa urutan penulis yang terbalik, ejaan nama berbeda, atau tahun yang tidak sama antara teks dan daftar.
Curricula: Journal of Curriculum Development	The impact of competency-based education on cognitive improvement and clinical skills in midwifery students	10.17509/curricula.v5i3.742	2026-09-04	G.6	Gaya penulisan & kualitas kebahasaan	perlu perbaikan	Terdapat salah ketik pada bagian AUTHOR'S NOTE: "No confilct of interest is declared by the authors", yang seharusnya "conflict". Salah ketik pada pernyataan formal seperti ini lebih mengganggu daripada di badan teks karena letaknya pada bagian yang dibaca asesor untuk memeriksa kepatuhan etika.	Perbaiki salah ketik tersebut. Periksa juga struktur bagian hasil: artikel memuat heading RESULTS AND DISCUSSION dan DISCUSSION secara terpisah, yang membuat batas antara penyajian temuan dan penafsirannya tidak jelas.
Curricula: Journal of Curriculum Development	The impact of competency-based education on cognitive improvement and clinical skills in midwifery students	10.17509/curricula.v5i3.742	2026-09-04	G.7	Mutu penyuntingan substansi, gaya selingkung, & format tata letak	di luar jangkauan	Butir ini menuntut inspeksi visual PDF: tabel terpotong, gambar melar atau blur, konsistensi tipografi. Ekstraktor hanya membaca lapisan teks.	Buka PDF dan periksa manual: tabel tidak terpotong antar halaman, gambar tajam dan tidak melar, serta font, ukuran, spasi baris, dan alignment konsisten antar artikel dalam satu terbitan.
